{
  "code" : "Country_VSET",
  "valueset" : {
    "system" : "iso-3166",
    "members" : [ {
      "code" : "AFG",
      "description" : "Afghanistan",
      "system" : "iso-3166"
    }, {
      "code" : "ALA",
      "description" : "Aland Islands",
      "system" : "iso-3166"
    }, {
      "code" : "ALB",
      "description" : "Albania",
      "system" : "iso-3166"
    }, {
      "code" : "DZA",
      "description" : "Algeria",
      "system" : "iso-3166"
    }, {
      "code" : "ASM",
      "description" : "American Samoa",
      "system" : "iso-3166"
    }, {
      "code" : "AND",
      "description" : "Andorra",
      "system" : "iso-3166"
    }, {
      "code" : "AGO",
      "description" : "Angola",
      "system" : "iso-3166"
    }, {
      "code" : "AIA",
      "description" : "Anguilla",
      "system" : "iso-3166"
    }, {
      "code" : "ATA",
      "description" : "Antarctica",
      "system" : "iso-3166"
    }, {
      "code" : "ATG",
      "description" : "Antigua and Barbuda",
      "system" : "iso-3166"
    }, {
      "code" : "ARG",
      "description" : "Argentina",
      "system" : "iso-3166"
    }, {
      "code" : "ARM",
      "description" : "Armenia",
      "system" : "iso-3166"
    }, {
      "code" : "ABW",
      "description" : "Aruba",
      "system" : "iso-3166"
    }, {
      "code" : "AUS",
      "description" : "Australia",
      "system" : "iso-3166"
    }, {
      "code" : "AUT",
      "description" : "Austria",
      "system" : "iso-3166"
    }, {
      "code" : "AZE",
      "description" : "Azerbaijan",
      "system" : "iso-3166"
    }, {
      "code" : "BHS",
      "description" : "Bahamas (the)",
      "system" : "iso-3166"
    }, {
      "code" : "BHR",
      "description" : "Bahrain",
      "system" : "iso-3166"
    }, {
      "code" : "BGD",
      "description" : "Bangladesh",
      "system" : "iso-3166"
    }, {
      "code" : "BRB",
      "description" : "Barbados",
      "system" : "iso-3166"
    }, {
      "code" : "BLR",
      "description" : "Belarus",
      "system" : "iso-3166"
    }, {
      "code" : "BEL",
      "description" : "Belgium",
      "system" : "iso-3166"
    }, {
      "code" : "BLZ",
      "description" : "Belize",
      "system" : "iso-3166"
    }, {
      "code" : "BEN",
      "description" : "Benin",
      "system" : "iso-3166"
    }, {
      "code" : "BMU",
      "description" : "Bermuda",
      "system" : "iso-3166"
    }, {
      "code" : "BTN",
      "description" : "Bhutan",
      "system" : "iso-3166"
    }, {
      "code" : "BOL",
      "description" : "Bolivia (Plurinational State of)",
      "system" : "iso-3166"
    }, {
      "code" : "BES",
      "description" : "Bonaire, Sint Eustatius and Saba",
      "system" : "iso-3166"
    }, {
      "code" : "BIH",
      "description" : "Bosnia and Herzegovina",
      "system" : "iso-3166"
    }, {
      "code" : "BWA",
      "description" : "Botswana",
      "system" : "iso-3166"
    }, {
      "code" : "BVT",
      "description" : "Bouvet Island",
      "system" : "iso-3166"
    }, {
      "code" : "BRA",
      "description" : "Brazil",
      "system" : "iso-3166"
    }, {
      "code" : "BQAQ",
      "description" : "British Antarctic Territory",
      "system" : "iso-3166"
    }, {
      "code" : "IOT",
      "description" : "British Indian Ocean Territory (the)",
      "system" : "iso-3166"
    }, {
      "code" : "BRN",
      "description" : "Brunei Darussalam",
      "system" : "iso-3166"
    }, {
      "code" : "BGR",
      "description" : "Bulgaria",
      "system" : "iso-3166"
    }, {
      "code" : "BFA",
      "description" : "Burkina Faso",
      "system" : "iso-3166"
    }, {
      "code" : "BUMM",
      "description" : "Burma",
      "system" : "iso-3166"
    }, {
      "code" : "BDI",
      "description" : "Burundi",
      "system" : "iso-3166"
    }, {
      "code" : "BYAA",
      "description" : "Byelorussian SSR",
      "system" : "iso-3166"
    }, {
      "code" : "CPV",
      "description" : "Cabo Verde",
      "system" : "iso-3166"
    }, {
      "code" : "KHM",
      "description" : "Cambodia",
      "system" : "iso-3166"
    }, {
      "code" : "CMR",
      "description" : "Cameroon",
      "system" : "iso-3166"
    }, {
      "code" : "CAN",
      "description" : "Canada",
      "system" : "iso-3166"
    }, {
      "code" : "CTKI",
      "description" : "Canton and Enderbury Islands",
      "system" : "iso-3166"
    }, {
      "code" : "CYM",
      "description" : "Cayman Islands (the)",
      "system" : "iso-3166"
    }, {
      "code" : "CAF",
      "description" : "Central African Republic (the)",
      "system" : "iso-3166"
    }, {
      "code" : "TCD",
      "description" : "Chad",
      "system" : "iso-3166"
    }, {
      "code" : "CHL",
      "description" : "Chile",
      "system" : "iso-3166"
    }, {
      "code" : "CHN",
      "description" : "China",
      "system" : "iso-3166"
    }, {
      "code" : "CXR",
      "description" : "Christmas Island",
      "system" : "iso-3166"
    }, {
      "code" : "CCK",
      "description" : "Cocos (Keeling) Islands (the)",
      "system" : "iso-3166"
    }, {
      "code" : "COL",
      "description" : "Colombia",
      "system" : "iso-3166"
    }, {
      "code" : "COM",
      "description" : "Comoros (the)",
      "system" : "iso-3166"
    }, {
      "code" : "COD",
      "description" : "Congo (the Democratic Republic of the)",
      "system" : "iso-3166"
    }, {
      "code" : "COG",
      "description" : "Congo (the)",
      "system" : "iso-3166"
    }, {
      "code" : "COK",
      "description" : "Cook Islands (the)",
      "system" : "iso-3166"
    }, {
      "code" : "CRI",
      "description" : "Costa Rica",
      "system" : "iso-3166"
    }, {
      "code" : "CIV",
      "description" : "Cote d Ivoire",
      "system" : "iso-3166"
    }, {
      "code" : "HRV",
      "description" : "Croatia",
      "system" : "iso-3166"
    }, {
      "code" : "CUB",
      "description" : "Cuba",
      "system" : "iso-3166"
    }, {
      "code" : "CUW",
      "description" : "Curacao",
      "system" : "iso-3166"
    }, {
      "code" : "CYP",
      "description" : "Cyprus",
      "system" : "iso-3166"
    }, {
      "code" : "CZE",
      "description" : "Czechia",
      "system" : "iso-3166"
    }, {
      "code" : "CSHH",
      "description" : "Czechoslovakia",
      "system" : "iso-3166"
    }, {
      "code" : "DYBJ",
      "description" : "Dahomey",
      "system" : "iso-3166"
    }, {
      "code" : "DNK",
      "description" : "Denmark",
      "system" : "iso-3166"
    }, {
      "code" : "DJI",
      "description" : "Djibouti",
      "system" : "iso-3166"
    }, {
      "code" : "DMA",
      "description" : "Dominica",
      "system" : "iso-3166"
    }, {
      "code" : "DOM",
      "description" : "Dominican Republic (the)",
      "system" : "iso-3166"
    }, {
      "code" : "NQAQ",
      "description" : "Dronning Maud Land",
      "system" : "iso-3166"
    }, {
      "code" : "TPTL",
      "description" : "East Timor",
      "system" : "iso-3166"
    }, {
      "code" : "ECU",
      "description" : "Ecuador",
      "system" : "iso-3166"
    }, {
      "code" : "EGY",
      "description" : "Egypt",
      "system" : "iso-3166"
    }, {
      "code" : "SLV",
      "description" : "El Salvador",
      "system" : "iso-3166"
    }, {
      "code" : "GNQ",
      "description" : "Equatorial Guinea",
      "system" : "iso-3166"
    }, {
      "code" : "ERI",
      "description" : "Eritrea",
      "system" : "iso-3166"
    }, {
      "code" : "EST",
      "description" : "Estonia",
      "system" : "iso-3166"
    }, {
      "code" : "ETH",
      "description" : "Ethiopia",
      "system" : "iso-3166"
    }, {
      "code" : "FLK",
      "description" : "Falkland Islands (the) [Malvinas]",
      "system" : "iso-3166"
    }, {
      "code" : "FRO",
      "description" : "Faroe Islands (the)",
      "system" : "iso-3166"
    }, {
      "code" : "FJI",
      "description" : "Fiji",
      "system" : "iso-3166"
    }, {
      "code" : "FIN",
      "description" : "Finland",
      "system" : "iso-3166"
    }, {
      "code" : "FRA",
      "description" : "France",
      "system" : "iso-3166"
    }, {
      "code" : "FXFR",
      "description" : "France, Metropolitan",
      "system" : "iso-3166"
    }, {
      "code" : "AIDJ",
      "description" : "French Afars and Issas",
      "system" : "iso-3166"
    }, {
      "code" : "GUF",
      "description" : "French Guiana",
      "system" : "iso-3166"
    }, {
      "code" : "PYF",
      "description" : "French Polynesia",
      "system" : "iso-3166"
    }, {
      "code" : "FQHH",
      "description" : "French Southern and Antarctic Territories",
      "system" : "iso-3166"
    }, {
      "code" : "ATF",
      "description" : "French Southern Territories (the)",
      "system" : "iso-3166"
    }, {
      "code" : "GAB",
      "description" : "Gabon",
      "system" : "iso-3166"
    }, {
      "code" : "GMB",
      "description" : "Gambia (the)",
      "system" : "iso-3166"
    }, {
      "code" : "GEO",
      "description" : "Georgia",
      "system" : "iso-3166"
    }, {
      "code" : "DDDE",
      "description" : "German Democratic Republic",
      "system" : "iso-3166"
    }, {
      "code" : "DEU",
      "description" : "Germany",
      "system" : "iso-3166"
    }, {
      "code" : "GHA",
      "description" : "Ghana",
      "system" : "iso-3166"
    }, {
      "code" : "GIB",
      "description" : "Gibraltar",
      "system" : "iso-3166"
    }, {
      "code" : "GEHH",
      "description" : "Gilbert and Ellice Islands",
      "system" : "iso-3166"
    }, {
      "code" : "GRC",
      "description" : "Greece",
      "system" : "iso-3166"
    }, {
      "code" : "GRL",
      "description" : "Greenland",
      "system" : "iso-3166"
    }, {
      "code" : "GRD",
      "description" : "Grenada",
      "system" : "iso-3166"
    }, {
      "code" : "GLP",
      "description" : "Guadeloupe",
      "system" : "iso-3166"
    }, {
      "code" : "GUM",
      "description" : "Guam",
      "system" : "iso-3166"
    }, {
      "code" : "GTM",
      "description" : "Guatemala",
      "system" : "iso-3166"
    }, {
      "code" : "GGY",
      "description" : "Guernsey",
      "system" : "iso-3166"
    }, {
      "code" : "GIN",
      "description" : "Guinea",
      "system" : "iso-3166"
    }, {
      "code" : "GNB",
      "description" : "Guinea-Bissau",
      "system" : "iso-3166"
    }, {
      "code" : "GUY",
      "description" : "Guyana",
      "system" : "iso-3166"
    }, {
      "code" : "HTI",
      "description" : "Haiti",
      "system" : "iso-3166"
    }, {
      "code" : "HMD",
      "description" : "Heard Island and McDonald Islands",
      "system" : "iso-3166"
    }, {
      "code" : "VAT",
      "description" : "Holy See (the)",
      "system" : "iso-3166"
    }, {
      "code" : "HND",
      "description" : "Honduras",
      "system" : "iso-3166"
    }, {
      "code" : "HKG",
      "description" : "Hong Kong",
      "system" : "iso-3166"
    }, {
      "code" : "HUN",
      "description" : "Hungary",
      "system" : "iso-3166"
    }, {
      "code" : "ISL",
      "description" : "Iceland",
      "system" : "iso-3166"
    }, {
      "code" : "IND",
      "description" : "India",
      "system" : "iso-3166"
    }, {
      "code" : "IDN",
      "description" : "Indonesia",
      "system" : "iso-3166"
    }, {
      "code" : "IRN",
      "description" : "Iran (Islamic Republic of)",
      "system" : "iso-3166"
    }, {
      "code" : "IRQ",
      "description" : "Iraq",
      "system" : "iso-3166"
    }, {
      "code" : "IRL",
      "description" : "Ireland",
      "system" : "iso-3166"
    }, {
      "code" : "IMN",
      "description" : "Isle of Man",
      "system" : "iso-3166"
    }, {
      "code" : "ISR",
      "description" : "Israel",
      "system" : "iso-3166"
    }, {
      "code" : "ITA",
      "description" : "Italy",
      "system" : "iso-3166"
    }, {
      "code" : "JAM",
      "description" : "Jamaica",
      "system" : "iso-3166"
    }, {
      "code" : "JPN",
      "description" : "Japan",
      "system" : "iso-3166"
    }, {
      "code" : "JEY",
      "description" : "Jersey",
      "system" : "iso-3166"
    }, {
      "code" : "JTUM",
      "description" : "Johnston Island",
      "system" : "iso-3166"
    }, {
      "code" : "JOR",
      "description" : "Jordan",
      "system" : "iso-3166"
    }, {
      "code" : "KAZ",
      "description" : "Kazakhstan",
      "system" : "iso-3166"
    }, {
      "code" : "KEN",
      "description" : "Kenya",
      "system" : "iso-3166"
    }, {
      "code" : "KIR",
      "description" : "Kiribati",
      "system" : "iso-3166"
    }, {
      "code" : "PRK",
      "description" : "Korea (the Democratic People's Republic of)",
      "system" : "iso-3166"
    }, {
      "code" : "KOR",
      "description" : "Korea (the Republic of)",
      "system" : "iso-3166"
    }, {
      "code" : "KWT",
      "description" : "Kuwait",
      "system" : "iso-3166"
    }, {
      "code" : "KGZ",
      "description" : "Kyrgyzstan",
      "system" : "iso-3166"
    }, {
      "code" : "LAO",
      "description" : "Lao People's Democratic Republic (the)",
      "system" : "iso-3166"
    }, {
      "code" : "LVA",
      "description" : "Latvia",
      "system" : "iso-3166"
    }, {
      "code" : "LBN",
      "description" : "Lebanon",
      "system" : "iso-3166"
    }, {
      "code" : "LSO",
      "description" : "Lesotho",
      "system" : "iso-3166"
    }, {
      "code" : "LBR",
      "description" : "Liberia",
      "system" : "iso-3166"
    }, {
      "code" : "LBY",
      "description" : "Libya",
      "system" : "iso-3166"
    }, {
      "code" : "LIE",
      "description" : "Liechtenstein",
      "system" : "iso-3166"
    }, {
      "code" : "LTU",
      "description" : "Lithuania",
      "system" : "iso-3166"
    }, {
      "code" : "LUX",
      "description" : "Luxembourg",
      "system" : "iso-3166"
    }, {
      "code" : "MAC",
      "description" : "Macao",
      "system" : "iso-3166"
    }, {
      "code" : "MDG",
      "description" : "Madagascar",
      "system" : "iso-3166"
    }, {
      "code" : "MWI",
      "description" : "Malawi",
      "system" : "iso-3166"
    }, {
      "code" : "MYS",
      "description" : "Malaysia",
      "system" : "iso-3166"
    }, {
      "code" : "MDV",
      "description" : "Maldives",
      "system" : "iso-3166"
    }, {
      "code" : "MLI",
      "description" : "Mali",
      "system" : "iso-3166"
    }, {
      "code" : "MLT",
      "description" : "Malta",
      "system" : "iso-3166"
    }, {
      "code" : "MHL",
      "description" : "Marshall Islands (the)",
      "system" : "iso-3166"
    }, {
      "code" : "MTQ",
      "description" : "Martinique",
      "system" : "iso-3166"
    }, {
      "code" : "MRT",
      "description" : "Mauritania",
      "system" : "iso-3166"
    }, {
      "code" : "MUS",
      "description" : "Mauritius",
      "system" : "iso-3166"
    }, {
      "code" : "MYT",
      "description" : "Mayotte",
      "system" : "iso-3166"
    }, {
      "code" : "MEX",
      "description" : "Mexico",
      "system" : "iso-3166"
    }, {
      "code" : "FSM",
      "description" : "Micronesia (Federated States of)",
      "system" : "iso-3166"
    }, {
      "code" : "MIUM",
      "description" : "Midway Islands",
      "system" : "iso-3166"
    }, {
      "code" : "MDA",
      "description" : "Moldova (the Republic of)",
      "system" : "iso-3166"
    }, {
      "code" : "MCO",
      "description" : "Monaco",
      "system" : "iso-3166"
    }, {
      "code" : "MNG",
      "description" : "Mongolia",
      "system" : "iso-3166"
    }, {
      "code" : "MNE",
      "description" : "Montenegro",
      "system" : "iso-3166"
    }, {
      "code" : "MSR",
      "description" : "Montserrat",
      "system" : "iso-3166"
    }, {
      "code" : "MAR",
      "description" : "Morocco",
      "system" : "iso-3166"
    }, {
      "code" : "MOZ",
      "description" : "Mozambique",
      "system" : "iso-3166"
    }, {
      "code" : "MMR",
      "description" : "Myanmar",
      "system" : "iso-3166"
    }, {
      "code" : "NAM",
      "description" : "Namibia",
      "system" : "iso-3166"
    }, {
      "code" : "NRU",
      "description" : "Nauru",
      "system" : "iso-3166"
    }, {
      "code" : "NPL",
      "description" : "Nepal",
      "system" : "iso-3166"
    }, {
      "code" : "NLD",
      "description" : "Netherlands (the)",
      "system" : "iso-3166"
    }, {
      "code" : "ANHH",
      "description" : "Netherlands Antilles",
      "system" : "iso-3166"
    }, {
      "code" : "NTHH",
      "description" : "Neutral Zone",
      "system" : "iso-3166"
    }, {
      "code" : "NCL",
      "description" : "New Caledonia",
      "system" : "iso-3166"
    }, {
      "code" : "NHVU",
      "description" : "New Hebrides",
      "system" : "iso-3166"
    }, {
      "code" : "NZL",
      "description" : "New Zealand",
      "system" : "iso-3166"
    }, {
      "code" : "NIC",
      "description" : "Nicaragua",
      "system" : "iso-3166"
    }, {
      "code" : "NER",
      "description" : "Niger (the)",
      "system" : "iso-3166"
    }, {
      "code" : "NGA",
      "description" : "Nigeria",
      "system" : "iso-3166"
    }, {
      "code" : "NIU",
      "description" : "Niue",
      "system" : "iso-3166"
    }, {
      "code" : "NFK",
      "description" : "Norfolk Island",
      "system" : "iso-3166"
    }, {
      "code" : "MKD",
      "description" : "North Macedonia",
      "system" : "iso-3166"
    }, {
      "code" : "MNP",
      "description" : "Northern Mariana Islands (the)",
      "system" : "iso-3166"
    }, {
      "code" : "NOR",
      "description" : "Norway",
      "system" : "iso-3166"
    }, {
      "code" : "OMN",
      "description" : "Oman",
      "system" : "iso-3166"
    }, {
      "code" : "PCHH",
      "description" : "Pacific Islands (Trust Territory)",
      "system" : "iso-3166"
    }, {
      "code" : "PAK",
      "description" : "Pakistan",
      "system" : "iso-3166"
    }, {
      "code" : "PLW",
      "description" : "Palau",
      "system" : "iso-3166"
    }, {
      "code" : "PSE",
      "description" : "Palestine, State of",
      "system" : "iso-3166"
    }, {
      "code" : "PAN",
      "description" : "Panama",
      "system" : "iso-3166"
    }, {
      "code" : "PZPA",
      "description" : "Panama Canal Zone",
      "system" : "iso-3166"
    }, {
      "code" : "PNG",
      "description" : "Papua New Guinea",
      "system" : "iso-3166"
    }, {
      "code" : "PRY",
      "description" : "Paraguay",
      "system" : "iso-3166"
    }, {
      "code" : "PER",
      "description" : "Peru",
      "system" : "iso-3166"
    }, {
      "code" : "PHL",
      "description" : "Philippines (the)",
      "system" : "iso-3166"
    }, {
      "code" : "PCN",
      "description" : "Pitcairn",
      "system" : "iso-3166"
    }, {
      "code" : "POL",
      "description" : "Poland",
      "system" : "iso-3166"
    }, {
      "code" : "PRT",
      "description" : "Portugal",
      "system" : "iso-3166"
    }, {
      "code" : "PRI",
      "description" : "Puerto Rico",
      "system" : "iso-3166"
    }, {
      "code" : "QAT",
      "description" : "Qatar",
      "system" : "iso-3166"
    }, {
      "code" : "REU",
      "description" : "Reunion",
      "system" : "iso-3166"
    }, {
      "code" : "ROU",
      "description" : "Romania",
      "system" : "iso-3166"
    }, {
      "code" : "RUS",
      "description" : "Russian Federation (the)",
      "system" : "iso-3166"
    }, {
      "code" : "RWA",
      "description" : "Rwanda",
      "system" : "iso-3166"
    }, {
      "code" : "BLM",
      "description" : "Saint Barthelemy",
      "system" : "iso-3166"
    }, {
      "code" : "SHN",
      "description" : "Saint Helena, Ascension and Tristan da Cunha",
      "system" : "iso-3166"
    }, {
      "code" : "KNA",
      "description" : "Saint Kitts and Nevis",
      "system" : "iso-3166"
    }, {
      "code" : "LCA",
      "description" : "Saint Lucia",
      "system" : "iso-3166"
    }, {
      "code" : "MAF",
      "description" : "Saint Martin (French part)",
      "system" : "iso-3166"
    }, {
      "code" : "SPM",
      "description" : "Saint Pierre and Miquelon",
      "system" : "iso-3166"
    }, {
      "code" : "VCT",
      "description" : "Saint Vincent and the Grenadines",
      "system" : "iso-3166"
    }, {
      "code" : "WSM",
      "description" : "Samoa",
      "system" : "iso-3166"
    }, {
      "code" : "SMR",
      "description" : "San Marino",
      "system" : "iso-3166"
    }, {
      "code" : "STP",
      "description" : "Sao Tome and Principe",
      "system" : "iso-3166"
    }, {
      "code" : "SAU",
      "description" : "Saudi Arabia",
      "system" : "iso-3166"
    }, {
      "code" : "SEN",
      "description" : "Senegal",
      "system" : "iso-3166"
    }, {
      "code" : "SRB",
      "description" : "Serbia",
      "system" : "iso-3166"
    }, {
      "code" : "CSXX",
      "description" : "Serbia and Montenegro",
      "system" : "iso-3166"
    }, {
      "code" : "SYC",
      "description" : "Seychelles",
      "system" : "iso-3166"
    }, {
      "code" : "SLE",
      "description" : "Sierra Leone",
      "system" : "iso-3166"
    }, {
      "code" : "SKIN",
      "description" : "Sikkim",
      "system" : "iso-3166"
    }, {
      "code" : "SGP",
      "description" : "Singapore",
      "system" : "iso-3166"
    }, {
      "code" : "SXM",
      "description" : "Sint Maarten (Dutch part)",
      "system" : "iso-3166"
    }, {
      "code" : "SVK",
      "description" : "Slovakia",
      "system" : "iso-3166"
    }, {
      "code" : "SVN",
      "description" : "Slovenia",
      "system" : "iso-3166"
    }, {
      "code" : "SLB",
      "description" : "Solomon Islands",
      "system" : "iso-3166"
    }, {
      "code" : "SOM",
      "description" : "Somalia",
      "system" : "iso-3166"
    }, {
      "code" : "ZAF",
      "description" : "South Africa",
      "system" : "iso-3166"
    }, {
      "code" : "SGS",
      "description" : "South Georgia and the South Sandwich Islands",
      "system" : "iso-3166"
    }, {
      "code" : "SSD",
      "description" : "South Sudan",
      "system" : "iso-3166"
    }, {
      "code" : "RHZW",
      "description" : "Southern Rhodesia",
      "system" : "iso-3166"
    }, {
      "code" : "ESP",
      "description" : "Spain",
      "system" : "iso-3166"
    }, {
      "code" : "LKA",
      "description" : "Sri Lanka",
      "system" : "iso-3166"
    }, {
      "code" : "SDN",
      "description" : "Sudan (the)",
      "system" : "iso-3166"
    }, {
      "code" : "SUR",
      "description" : "Suriname",
      "system" : "iso-3166"
    }, {
      "code" : "SJM",
      "description" : "Svalbard and Jan Mayen",
      "system" : "iso-3166"
    }, {
      "code" : "SWZ",
      "description" : "Swaziland",
      "system" : "iso-3166"
    }, {
      "code" : "SWE",
      "description" : "Sweden",
      "system" : "iso-3166"
    }, {
      "code" : "CHE",
      "description" : "Switzerland",
      "system" : "iso-3166"
    }, {
      "code" : "SYR",
      "description" : "Syrian Arab Republic (the)",
      "system" : "iso-3166"
    }, {
      "code" : "TWN",
      "description" : "Taiwan (Province of China)",
      "system" : "iso-3166"
    }, {
      "code" : "TJK",
      "description" : "Tajikistan",
      "system" : "iso-3166"
    }, {
      "code" : "TZA",
      "description" : "Tanzania, the United Republic of",
      "system" : "iso-3166"
    }, {
      "code" : "THA",
      "description" : "Thailand",
      "system" : "iso-3166"
    }, {
      "code" : "TLS",
      "description" : "Timor-Leste",
      "system" : "iso-3166"
    }, {
      "code" : "TGO",
      "description" : "Togo",
      "system" : "iso-3166"
    }, {
      "code" : "TKL",
      "description" : "Tokelau",
      "system" : "iso-3166"
    }, {
      "code" : "TON",
      "description" : "Tonga",
      "system" : "iso-3166"
    }, {
      "code" : "TTO",
      "description" : "Trinidad and Tobago",
      "system" : "iso-3166"
    }, {
      "code" : "TUN",
      "description" : "Tunisia",
      "system" : "iso-3166"
    }, {
      "code" : "TUR",
      "description" : "Türkiye",
      "system" : "iso-3166"
    }, {
      "code" : "TKM",
      "description" : "Turkmenistan",
      "system" : "iso-3166"
    }, {
      "code" : "TCA",
      "description" : "Turks and Caicos Islands (the)",
      "system" : "iso-3166"
    }, {
      "code" : "TUV",
      "description" : "Tuvalu",
      "system" : "iso-3166"
    }, {
      "code" : "UGA",
      "description" : "Uganda",
      "system" : "iso-3166"
    }, {
      "code" : "UKR",
      "description" : "Ukraine",
      "system" : "iso-3166"
    }, {
      "code" : "ARE",
      "description" : "United Arab Emirates (the)",
      "system" : "iso-3166"
    }, {
      "code" : "GBR",
      "description" : "United Kingdom of Great Britain and Northern Ireland (the)",
      "system" : "iso-3166"
    }, {
      "code" : "UMI",
      "description" : "United States Minor Outlying Islands (the)",
      "system" : "iso-3166"
    }, {
      "code" : "PUUM",
      "description" : "United States Miscellaneous Pacific Islands",
      "system" : "iso-3166"
    }, {
      "code" : "USA",
      "description" : "United States of America (the)",
      "system" : "iso-3166"
    }, {
      "code" : "HVBF",
      "description" : "Upper Volta",
      "system" : "iso-3166"
    }, {
      "code" : "URY",
      "description" : "Uruguay",
      "system" : "iso-3166"
    }, {
      "code" : "SUHH",
      "description" : "USSR",
      "system" : "iso-3166"
    }, {
      "code" : "UZB",
      "description" : "Uzbekistan",
      "system" : "iso-3166"
    }, {
      "code" : "VUT",
      "description" : "Vanuatu",
      "system" : "iso-3166"
    }, {
      "code" : "VEN",
      "description" : "Venezuela (Bolivarian Republic of)",
      "system" : "iso-3166"
    }, {
      "code" : "VNM",
      "description" : "Viet Nam",
      "system" : "iso-3166"
    }, {
      "code" : "VDVN",
      "description" : "Viet-Nam, Democratic Republic of",
      "system" : "iso-3166"
    }, {
      "code" : "VGB",
      "description" : "Virgin Islands (British)",
      "system" : "iso-3166"
    }, {
      "code" : "VIR",
      "description" : "Virgin Islands (U.S.)",
      "system" : "iso-3166"
    }, {
      "code" : "WKUM",
      "description" : "Wake Island",
      "system" : "iso-3166"
    }, {
      "code" : "WLF",
      "description" : "Wallis and Futuna",
      "system" : "iso-3166"
    }, {
      "code" : "ESH",
      "description" : "Western Sahara",
      "system" : "iso-3166"
    }, {
      "code" : "YEM",
      "description" : "Yemen",
      "system" : "iso-3166"
    }, {
      "code" : "YDYE",
      "description" : "Yemen, Democratic",
      "system" : "iso-3166"
    }, {
      "code" : "YUCS",
      "description" : "Yugoslavia",
      "system" : "iso-3166"
    }, {
      "code" : "ZRCD",
      "description" : "Zaire",
      "system" : "iso-3166"
    }, {
      "code" : "ZMB",
      "description" : "Zambia",
      "system" : "iso-3166"
    }, {
      "code" : "ZWE",
      "description" : "Zimbabwe",
      "system" : "iso-3166"
    } ],
    "totalMembers" : 280,
    "isEmpty" : false,
    "isComplete" : true
  },
  "errorMessage" : null,
  "error" : false
}